FID,UtcTimestamp,lat,lon,time_utc,pred_lat,pred_lon,separation_km
912,2026-07-25T07:52:00.0000000+00:00,34.90423333,15.76473333,2026-07-25 07:52:00,34.904232,15.764733,0.00033840996936147864
913,2026-07-25T08:22:00.0000000+00:00,34.9069,15.77035,2026-07-25 08:22:00,34.900852,15.766817,0.7456094511433341
914,2026-07-25T08:52:00.0000000+00:00,34.90963333,15.77695,2026-07-25 08:52:00,34.897533,15.769297,1.5157084947335615
915,2026-07-25T09:22:25.0000000+00:00,34.91186667,15.78285,2026-07-25 09:22:25,34.894173,15.772093,2.198430264802131
916,2026-07-25T09:52:00.0000000+00:00,34.91355,15.78863333,2026-07-25 09:52:00,34.890514,15.775416,2.83076490839032
917,2026-07-25T10:22:00.0000000+00:00,34.91456667,15.7939,2026-07-25 10:22:00,34.88649,15.779344,3.3925958116820163
918,2026-07-25T10:52:00.0000000+00:00,34.91488333,15.7988,2026-07-25 10:52:00,34.88216,15.783956,3.8824891022571855
919,2026-07-25T11:22:00.0000000+00:00,34.91481667,15.80335,2026-07-25 11:22:00,34.87746,15.789303,4.347022325201868
920,2026-07-25T11:52:00.0000000+00:00,34.91421667,15.80728333,2026-07-25 11:52:00,34.87221,15.795561,4.791690976215857
921,2026-07-25T12:22:00.0000000+00:00,34.91328333,15.8109,2026-07-25 12:22:00,34.86627,15.802748,5.280466445098062
922,2026-07-25T12:52:00.0000000+00:00,34.91236667,15.81398333,2026-07-25 12:52:00,34.85946,15.810806,5.890262754344606
923,2026-07-25T13:22:00.0000000+00:00,34.91111667,15.81595,2026-07-25 13:22:00,34.851727,15.819524,6.611908742576959
924,2026-07-25T13:52:00.0000000+00:00,34.91011667,15.81786667,2026-07-25 13:52:00,34.843113,15.828388,7.5119450944788015
925,2026-07-25T14:22:19.0000000+00:00,34.90873333,15.81905,2026-07-25 14:22:19,34.83365,15.836811,8.50497811810589
926,2026-07-25T14:52:20.0000000+00:00,34.90723333,15.81951667,2026-07-25 14:52:20,34.823574,15.843901,9.564963869763911
927,2026-07-25T15:22:00.0000000+00:00,34.90595,15.81928333,2026-07-25 15:22:00,34.813015,15.849335,10.691670324941153
928,2026-07-25T15:52:00.0000000+00:00,34.90508333,15.81831667,2026-07-25 15:52:00,34.801956,15.853171,11.900207305037439
929,2026-07-25T16:22:01.0000000+00:00,34.90463333,15.81681667,2026-07-25 16:22:01,34.790703,15.855229,13.144550250553092
930,2026-07-25T16:52:00.0000000+00:00,34.90456667,15.81525,2026-07-25 16:52:00,34.77957,15.855516,14.37628396264208
931,2026-07-25T17:22:00.0000000+00:00,34.9051,15.81345,2026-07-25 17:22:00,34.7687,15.85416,15.615566766023669
932,2026-07-25T17:52:00.0000000+00:00,34.90636667,15.81173333,2026-07-25 17:52:00,34.758324,15.851058,16.848347721059078
933,2026-07-25T18:22:00.0000000+00:00,34.90856667,15.80976667,2026-07-25 18:22:00,34.74866,15.846325,18.09129532720721
934,2026-07-25T18:52:00.0000000+00:00,34.91118333,15.808,2026-07-25 18:52:00,34.73972,15.840281,19.29237936349622
935,2026-07-25T19:22:00.0000000+00:00,34.91441667,15.80603333,2026-07-25 19:22:00,34.731503,15.833087,20.488591252572096
936,2026-07-25T19:52:00.0000000+00:00,34.9181,15.80383333,2026-07-25 19:52:00,34.72402,15.824994,21.667068770760427
937,2026-07-25T20:22:00.0000000+00:00,34.92255,15.80128333,2026-07-25 20:22:00,34.717583,15.81623,22.832233528072788
938,2026-07-25T20:52:00.0000000+00:00,34.9276,15.79856667,2026-07-25 20:52:00,34.712257,15.806699,23.956483513792232
939,2026-07-25T21:22:00.0000000+00:00,34.93366667,15.79606667,2026-07-25 21:22:00,34.708073,15.796597,25.08517176540233
940,2026-07-25T21:52:00.0000000+00:00,34.94023333,15.79368333,2026-07-25 21:52:00,34.705124,15.78658,26.151059963342085
941,2026-07-25T22:22:25.0000000+00:00,34.94703333,15.79171667,2026-07-25 22:22:25,34.70266,15.77808,27.201813697760628
942,2026-07-25T22:52:00.0000000+00:00,34.95328333,15.79091667,2026-07-25 22:52:00,34.700466,15.77124,28.169397952098805
943,2026-07-25T23:22:00.0000000+00:00,34.9598,15.79125,2026-07-25 23:22:00,34.699272,15.7651615,29.066937922077077
944,2026-07-25T23:52:00.0000000+00:00,34.96648333,15.79258333,2026-07-25 23:52:00,34.69895,15.76002,29.89618534258634
945,2026-07-26T00:22:00.0000000+00:00,34.97321667,15.79453333,2026-07-26 00:22:00,34.699375,15.755902,30.65314453978648
946,2026-07-26T00:52:00.0000000+00:00,34.98036667,15.79733333,2026-07-26 00:52:00,34.7004,15.752834,31.394602240086133
947,2026-07-26T01:22:00.0000000+00:00,34.98771667,15.8001,2026-07-26 01:22:00,34.701866,15.750961,32.09997057956358
948,2026-07-26T01:52:01.0000000+00:00,34.99535,15.80301667,2026-07-26 01:52:01,34.703663,15.750402,32.787671959673524
949,2026-07-26T02:22:01.0000000+00:00,35.00321667,15.80678333,2026-07-26 02:22:01,34.707767,15.749683,33.26310094221145
950,2026-07-26T02:52:00.0000000+00:00,35.01071667,15.81111667,2026-07-26 02:52:00,34.714554,15.748665,33.421258900646144
951,2026-07-26T03:22:01.0000000+00:00,35.01783333,15.81596667,2026-07-26 03:22:01,34.721935,15.74892,33.46600071077758
952,2026-07-26T03:52:01.0000000+00:00,35.02456667,15.82186667,2026-07-26 03:52:01,34.729553,15.750789,33.438817801921736
953,2026-07-26T04:22:00.0000000+00:00,35.03068333,15.82856667,2026-07-26 04:22:00,34.737247,15.754176,33.32684117393598
954,2026-07-26T04:52:00.0000000+00:00,35.03656667,15.83555,2026-07-26 04:52:00,34.744953,15.758168,33.18507072275949
955,2026-07-26T05:22:00.0000000+00:00,35.0418,15.84278333,2026-07-26 05:22:00,34.752556,15.762618,32.982979885421415
956,2026-07-26T05:52:01.0000000+00:00,35.04661667,15.84986667,2026-07-26 05:52:01,34.75924,15.768132,32.812716812138504
957,2026-07-26T06:22:00.0000000+00:00,35.05061667,15.85735,2026-07-26 06:22:00,34.76483,15.774804,32.657394890565456
958,2026-07-26T06:52:01.0000000+00:00,35.05411667,15.86485,2026-07-26 06:52:01,34.769333,15.782739,32.53948226660191
959,2026-07-26T07:22:00.0000000+00:00,35.05728333,15.8724,2026-07-26 07:22:00,34.77275,15.79179,32.481272734508025
960,2026-07-26T07:52:06.0000000+00:00,35.05983333,15.87985,2026-07-26 07:52:06,34.77552,15.801115,32.41914718308889
961,2026-07-26T08:22:24.0000000+00:00,35.0621,15.88675,2026-07-26 08:22:24,34.777786,15.810387,32.371799126798514
962,2026-07-26T08:52:00.0000000+00:00,35.06408333,15.89316667,2026-07-26 08:52:00,34.779633,15.819795,32.329368818016206
963,2026-07-26T09:22:00.0000000+00:00,35.06611667,15.8992,2026-07-26 09:22:00,34.78108,15.829128,32.33222802931496
964,2026-07-26T09:52:00.0000000+00:00,35.06808333,15.90478333,2026-07-26 09:52:00,34.781994,15.838106,32.38730290082225
965,2026-07-26T10:22:00.0000000+00:00,35.07021667,15.90978333,2026-07-26 10:22:00,34.782543,15.846484,32.50414797378569
966,2026-07-26T10:52:00.0000000+00:00,35.07246667,15.91491667,2026-07-26 10:52:00,34.782295,15.854236,32.736502817005665
967,2026-07-26T11:22:00.0000000+00:00,35.07468333,15.92016667,2026-07-26 11:22:00,34.78131,15.86133,33.05957509582634
968,2026-07-26T11:52:19.0000000+00:00,35.07688333,15.92566667,2026-07-26 11:52:19,34.779552,15.867027,33.491149438544
969,2026-07-26T12:22:00.0000000+00:00,35.07895,15.93061667,2026-07-26 12:22:00,34.77715,15.871557,33.988053331262
970,2026-07-26T12:52:00.0000000+00:00,35.08138333,15.93475,2026-07-26 12:52:00,34.774986,15.875641,34.49334074324303
971,2026-07-26T13:22:00.0000000+00:00,35.084,15.93823333,2026-07-26 13:22:00,34.77331,15.879575,34.958280753394334
972,2026-07-26T13:52:01.0000000+00:00,35.0871,15.94053333,2026-07-26 13:52:01,34.77256,15.883684,35.35699663043845
973,2026-07-26T14:22:00.0000000+00:00,35.09078333,15.9424,2026-07-26 14:22:00,34.77283,15.888091,35.699635789886365
974,2026-07-26T14:52:00.0000000+00:00,35.09493333,15.9439,2026-07-26 14:52:00,34.774117,15.892943,35.974497172967325
975,2026-07-26T15:22:00.0000000+00:00,35.09966667,15.94506667,2026-07-26 15:22:00,34.776443,15.89821,36.19359223474473
976,2026-07-26T15:52:00.0000000+00:00,35.10518333,15.94648333,2026-07-26 15:52:00,34.779793,15.903592,36.392566286982714
977,2026-07-26T16:22:00.0000000+00:00,35.11118333,15.94888333,2026-07-26 16:22:00,34.784122,15.908997,36.548876398002555
978,2026-07-26T16:52:00.0000000+00:00,35.11753333,15.95145,2026-07-26 16:52:00,34.789078,15.914525,36.677413021946016
979,2026-07-26T17:22:00.0000000+00:00,35.12375,15.95403333,2026-07-26 17:22:00,34.79452,15.920049,36.7394247306138
980,2026-07-26T17:52:00.0000000+00:00,35.13056667,15.95708333,2026-07-26 17:52:00,34.80038,15.924877,36.832112562758354
981,2026-07-26T18:22:00.0000000+00:00,35.13763333,15.96065,2026-07-26 18:22:00,34.80644,15.92879,36.941356110416606
982,2026-07-26T18:52:00.0000000+00:00,35.14426667,15.96443333,2026-07-26 18:52:00,34.81187,15.9312525,37.084349995761634
983,2026-07-26T19:22:00.0000000+00:00,35.15108333,15.9693,2026-07-26 19:22:00,34.81652,15.932126,37.355524112772784
984,2026-07-26T19:52:01.0000000+00:00,35.15838333,15.9751,2026-07-26 19:52:01,34.821064,15.931556,37.71752559031623
985,2026-07-26T20:22:00.0000000+00:00,35.16548333,15.98118333,2026-07-26 20:22:00,34.825623,15.92964,38.081424773914534
986,2026-07-26T20:52:00.0000000+00:00,35.17265,15.98735,2026-07-26 20:52:00,34.830425,15.926894,38.45020797223959
987,2026-07-26T21:22:01.0000000+00:00,35.17948333,15.99361667,2026-07-26 21:22:01,34.83547,15.923559,38.781312303122725
988,2026-07-26T21:52:00.0000000+00:00,35.18578333,16.00046667,2026-07-26 21:52:00,34.840416,15.920648,39.08504481021357
989,2026-07-26T22:22:00.0000000+00:00,35.19173333,16.00785,2026-07-26 22:22:00,34.845238,15.918342,39.38129996033778
990,2026-07-26T22:52:00.0000000+00:00,35.19776667,16.01481667,2026-07-26 22:52:00,34.849655,15.916238,39.735586466985204
991,2026-07-26T23:22:00.0000000+00:00,35.20368333,16.02178333,2026-07-26 23:22:00,34.853817,15.914212,40.11744153602318
992,2026-07-26T23:52:32.0000000+00:00,35.20976667,16.02918333,2026-07-26 23:52:32,34.858746,15.911036,40.48704328461289
993,2026-07-27T00:22:00.0000000+00:00,35.21593333,16.03668333,2026-07-27 00:22:00,34.86466,15.906586,40.816133949072984
994,2026-07-27T00:52:00.0000000+00:00,35.22251667,16.04418333,2026-07-27 00:52:00,34.87174,15.901438,41.11234492919051
995,2026-07-27T01:22:00.0000000+00:00,35.22943333,16.05203333,2026-07-27 01:22:00,34.879982,15.89595,41.37295193983222
996,2026-07-27T01:52:00.0000000+00:00,35.2357,16.05948333,2026-07-27 01:52:00,34.889446,15.891183,41.43688916257059
997,2026-07-27T02:22:00.0000000+00:00,35.2413,16.06723333,2026-07-27 02:22:00,34.89994,15.88736,41.336780792265245
998,2026-07-27T02:52:00.0000000+00:00,35.24665,16.0743,2026-07-27 02:52:00,34.910515,15.884286,41.182309974680805
999,2026-07-27T03:22:00.0000000+00:00,35.25196667,16.08031667,2026-07-27 03:22:00,34.92102,15.882134,40.98028829370032
1000,2026-07-27T03:52:00.0000000+00:00,35.2572,16.08605,2026-07-27 03:52:00,34.93164,15.881861,40.68905390695499
1001,2026-07-27T04:22:31.0000000+00:00,35.26276667,16.09163333,2026-07-27 04:22:31,34.94238,15.883609,40.339689768462804
1002,2026-07-27T04:52:26.0000000+00:00,35.26773333,16.0966,2026-07-27 04:52:26,34.953335,15.886923,39.8236858872321
1003,2026-07-27T05:22:18.0000000+00:00,35.27205,16.10206667,2026-07-27 05:22:18,34.96448,15.891751,39.186392759920174
1004,2026-07-27T05:52:00.0000000+00:00,35.27643333,16.1073,2026-07-27 05:52:00,34.975517,15.898312,38.4816636380636
1005,2026-07-27T06:22:00.0000000+00:00,35.28026667,16.11241667,2026-07-27 06:22:00,34.98582,15.906281,37.72739640518985
1006,2026-07-27T06:52:23.0000000+00:00,35.28418333,16.11698333,2026-07-27 06:52:23,34.99237,15.914354,37.3144751978056
1007,2026-07-27T07:22:00.0000000+00:00,35.28768333,16.12105,2026-07-27 07:22:00,34.99505,15.921939,37.23711110141651
1008,2026-07-27T07:52:32.0000000+00:00,35.29115,16.12561667,2026-07-27 07:52:32,34.997147,15.928126,37.298858200710775
1009,2026-07-27T08:22:00.0000000+00:00,35.2948,16.12981667,2026-07-27 08:22:00,34.99924,15.932834,37.42790451333931
1010,2026-07-27T08:52:00.0000000+00:00,35.29956667,16.13378333,2026-07-27 08:52:00,35.00145,15.93683,37.6765358832636
1011,2026-07-27T09:22:00.0000000+00:00,35.30416667,16.13796667,2026-07-27 09:22:00,35.00397,15.940255,37.91207441514207
1012,2026-07-27T09:52:00.0000000+00:00,35.3083,16.14216667,2026-07-27 09:52:00,35.006573,15.943185,38.11635162093455
1013,2026-07-27T10:22:01.0000000+00:00,35.31273333,16.14713333,2026-07-27 10:22:01,35.009346,15.945657,38.38623397073118
1014,2026-07-27T10:52:00.0000000+00:00,35.31726667,16.15263333,2026-07-27 10:52:00,35.01248,15.94751,38.681260717628035
1015,2026-07-27T11:22:00.0000000+00:00,35.3216,16.15793333,2026-07-27 11:22:00,35.016235,15.948665,38.92012391469572
1016,2026-07-27T11:52:00.0000000+00:00,35.32586667,16.16328333,2026-07-27 11:52:00,35.021473,15.94862,39.06785586321368
1017,2026-07-27T12:22:19.0000000+00:00,35.33,16.16893333,2026-07-27 12:22:19,35.028336,15.947332,39.12552539937287
1018,2026-07-27T12:52:00.0000000+00:00,35.33413333,16.17416667,2026-07-27 12:52:00,35.036488,15.944981,39.10505990738916
1019,2026-07-27T13:22:00.0000000+00:00,35.33838333,16.1795,2026-07-27 13:22:00,35.04591,15.941737,39.044435381709434
1020,2026-07-27T13:52:00.0000000+00:00,35.3431,16.18475,2026-07-27 13:52:00,35.05662,15.938071,38.95015701399264
1021,2026-07-27T14:22:00.0000000+00:00,35.34798333,16.18946667,2026-07-27 14:22:00,35.06865,15.934294,38.75837974855131
1022,2026-07-27T14:52:19.0000000+00:00,35.35286667,16.19388333,2026-07-27 14:52:19,35.081867,15.931066,38.44561275296081
1023,2026-07-27T15:22:30.0000000+00:00,35.35736667,16.19908333,2026-07-27 15:22:30,35.09622,15.928661,38.033882978611246
1024,2026-07-27T15:52:00.0000000+00:00,35.36201667,16.20368333,2026-07-27 15:52:00,35.111633,15.926801,37.516730682941976
1025,2026-07-27T16:22:19.0000000+00:00,35.3671,16.20833333,2026-07-27 16:22:19,35.12781,15.925689,36.96965486846915
1026,2026-07-27T16:52:00.0000000+00:00,35.37205,16.21285,2026-07-27 16:52:00,35.144154,15.926319,36.31803083512245
1027,2026-07-27T17:22:00.0000000+00:00,35.3771,16.21738333,2026-07-27 17:22:00,35.160286,15.9287195,35.60888717157407
1028,2026-07-27T17:52:00.0000000+00:00,35.38186667,16.2221,2026-07-27 17:52:00,35.176098,15.932163,34.87382124666253
1029,2026-07-27T18:22:00.0000000+00:00,35.38705,16.22681667,2026-07-27 18:22:00,35.19152,15.936257,34.17860618353648
1030,2026-07-27T18:52:00.0000000+00:00,35.39246667,16.23133333,2026-07-27 18:52:00,35.206493,15.94031,33.54334844057858
1031,2026-07-27T19:22:00.0000000+00:00,35.39771667,16.23556667,2026-07-27 19:22:00,35.22082,15.944152,32.956672607125064
1032,2026-07-27T19:52:04.0000000+00:00,35.39928333,16.24111667,2026-07-27 19:52:04,35.234074,15.948245,32.304585465540406
1033,2026-07-27T20:22:25.0000000+00:00,35.39825,16.24716667,2026-07-27 20:22:25,35.24634,15.952469,31.62541898838492
1034,2026-07-27T20:52:01.0000000+00:00,35.39653333,16.25293333,2026-07-27 20:52:01,35.258396,15.955898,31.017288265242463
1035,2026-07-27T21:22:00.0000000+00:00,35.39425,16.25811667,2026-07-27 21:22:00,35.27025,15.958638,30.46583451354734
1036,2026-07-27T21:52:00.0000000+00:00,35.39205,16.26288333,2026-07-27 21:52:00,35.281105,15.962316,29.92546605420616
1037,2026-07-27T22:22:00.0000000+00:00,35.38971667,16.26703333,2026-07-27 22:22:00,35.29081,15.9671135,29.343238347972992
1038,2026-07-27T22:52:31.0000000+00:00,35.38796667,16.27025,2026-07-27 22:52:31,35.298786,15.972142,28.799847313179296
1039,2026-07-27T23:22:00.0000000+00:00,35.38678333,16.27236667,2026-07-27 23:22:00,35.304474,15.976932,28.315749403962634
1040,2026-07-27T23:52:00.0000000+00:00,35.38538333,16.2745,2026-07-27 23:52:00,35.304935,15.97992,28.17600428355808
1041,2026-07-28T00:22:00.0000000+00:00,35.38446667,16.27603333,2026-07-28 00:22:00,35.30024,15.980859,28.364109107214077
1042,2026-07-28T00:52:00.0000000+00:00,35.38416667,16.27728333,2026-07-28 00:52:00,35.29415,15.980409,28.728392476222453
1043,2026-07-28T01:22:25.0000000+00:00,35.38418333,16.27771667,2026-07-28 01:22:25,35.287495,15.978489,29.194853812188022
1044,2026-07-28T01:52:01.0000000+00:00,35.38495,16.27771667,2026-07-28 01:52:01,35.28098,15.974288,29.854368909150452
1045,2026-07-28T02:22:00.0000000+00:00,35.38603333,16.27811667,2026-07-28 02:22:00,35.274837,15.967809,30.745705483064828
1046,2026-07-28T02:52:00.0000000+00:00,35.38775,16.27831667,2026-07-28 02:52:00,35.26948,15.960266,31.708724014959365
1047,2026-07-28T03:22:00.0000000+00:00,35.38926667,16.27816667,2026-07-28 03:22:00,35.26499,15.951972,32.65988996003857
1048,2026-07-28T03:52:50.0000000+00:00,35.39091667,16.27715,2026-07-28 03:52:50,35.26107,15.943952,33.49932684546899
1049,2026-07-28T04:22:01.0000000+00:00,35.39286667,16.27566667,2026-07-28 04:22:01,35.257763,15.936062,34.27710030161873
1050,2026-07-28T04:52:00.0000000+00:00,35.39508333,16.27386667,2026-07-28 04:52:00,35.25514,15.926318,35.16128561975736
1051,2026-07-28T05:22:01.0000000+00:00,35.39733333,16.27225,2026-07-28 05:22:01,35.25343,15.914649,36.17376841792222
1052,2026-07-28T05:52:19.0000000+00:00,35.39961667,16.27126667,2026-07-28 05:52:19,35.253567,15.9026985,37.17183210177992
1053,2026-07-28T06:22:00.0000000+00:00,35.40183333,16.27001667,2026-07-28 06:22:00,35.255577,15.891118,38.0261583329724
1054,2026-07-28T06:52:00.0000000+00:00,35.40486667,16.26843333,2026-07-28 06:52:00,35.257954,15.881106,38.748307476820486
1055,2026-07-28T07:22:01.0000000+00:00,35.40858333,16.26713333,2026-07-28 07:22:01,35.260677,15.872409,39.402482403027854
1056,2026-07-28T07:52:00.0000000+00:00,35.4126,16.26583333,2026-07-28 07:52:00,35.26521,15.861385,40.18055758355288
